name,left_eye_x,left_eye_y,right_eye_x,right_eye_y,face_x,face_y,face_width,face_height
1.jpg,472,682,636,712,311,512,461,461
2.jpg,
3.jpg,552,696,704,712,359,528,515,515
4.jpg,536,718,738,704,371,502,520,520
5.jpg,389,784,628,782,199,554,623,623
6.jpg,500,606,696,602,357,415,476,476
7.jpg,329,704,542,712,195,519,485,485
8.jpg,466,761,626,760,287,567,506,506
9.jpg,489,659,695,620,290,468,515,515
10.jpg,494,716,711,614,328,501,530,530
11.jpg,273,639,561,693,157,480,494,494
12.jpg,459,700,716,716,355,511,505,505
13.jpg,443,915,695,841,239,648,695,695
14.jpg,486,735,706,718,330,504,544,544
15.jpg,348,726,540,711,217,560,429,429
16.jpg,422,710,634,722,247,524,504,504
17.jpg,402,751,594,723,281,562,511,511
18.jpg,446,680,638,696,300,512,486,486
19.jpg,473,715,654,712,327,530,474,474
20.jpg,490,718,664,706,348,533,469,469
21.jpg,386,659,648,621,230,469,618,618
22.jpg,
23.jpg,476,704,648,701,330,526,468,468
24.jpg,516,736,716,754,359,551,516,516
25.jpg,
26.jpg,464,675,591,654,285,545,542,542
27.jpg,597,1078,656,1132,459,988,375,375
28.jpg,526,684,674,605,358,502,501,501
29.jpg,405,728,603,752,243,558,529,529
30.jpg,338,796,709,764,187,541,674,674
31.jpg,404,807,579,801,222,616,503,503
32.jpg,296,784,516,750,186,604,465,465
33.jpg,494,692,739,636,328,511,523,523
34.jpg,500,691,714,759,356,563,530,530
35.jpg,350,709,560,696,169,476,581,581
36.jpg,381,739,583,707,246,548,470,470
37.jpg,360,810,629,781,264,601,475,475
38.jpg,505,718,662,716,386,566,383,383
39.jpg,304,725,514,800,53,513,754,754
40.jpg,468,725,652,722,301,516,513,513
41.jpg,489,821,673,802,306,605,538,538
42.jpg,382,640,657,710,262,498,544,544
43.jpg,285,721,491,714,136,518,524,524
44.jpg,384,719,603,626,225,530,516,516
45.jpg,442,694,616,724,342,553,402,402
46.jpg,407,706,600,704,215,485,599,599
47.jpg,445,705,634,735,226,463,652,652
48.jpg,
49.jpg,306,783,559,820,110,561,652,652
50.jpg,505,718,677,724,268,500,582,582
51.jpg,388,722,616,738,225,524,559,559
52.jpg,504,629,728,570,270,445,671,671
53.jpg,
54.jpg,418,768,662,807,189,524,646,646
55.jpg,428,730,604,726,279,528,513,513
56.jpg,480,614,700,624,322,415,544,544
57.jpg,375,697,581,738,152,475,607,607
58.jpg,435,701,625,702,236,479,554,554
59.jpg,299,764,594,810,97,561,688,688
60.jpg,285,702,494,726,114,523,524,524
61.jpg,568,750,830,772,371,503,620,620
62.jpg,378,647,618,771,208,507,641,641
63.jpg,512,645,736,647,381,448,514,514
64.jpg,404,724,621,704,271,505,545,545
65.jpg,435,722,653,706,290,510,525,525
66.jpg,463,794,670,806,263,574,549,549
67.jpg,508,691,686,717,333,509,488,488
68.jpg,461,756,732,775,225,522,648,648
69.jpg,
70.jpg,485,592,666,764,270,558,587,587
71.jpg,406,586,614,590,288,395,458,458
72.jpg,401,792,704,825,192,571,628,628
73.jpg,421,670,624,686,293,501,474,474
74.jpg,379,634,564,676,254,506,429,429
75.jpg,380,709,641,631,251,486,558,558
76.jpg,470,648,686,658,346,462,473,473
77.jpg,390,651,585,651,202,438,566,566
78.jpg,362,715,612,721,194,483,590,590
79.jpg,354,717,587,765,225,551,514,514
80.jpg,493,753,642,754,312,573,489,489
81.jpg,251,700,544,710,187,497,526,526
82.jpg,450,743,684,669,267,508,611,611
83.jpg,541,656,755,677,331,435,604,604
84.jpg,446,681,642,684,273,481,524,524
85.jpg,512,655,688,658,361,467,484,484
86.jpg,537,677,730,692,380,495,492,492
87.jpg,433,721,674,709,280,514,525,525
88.jpg,362,904,560,859,131,605,688,688
89.jpg,376,772,685,883,170,629,680,680
90.jpg,432,923,676,896,238,657,647,647
91.jpg,328,680,554,693,169,478,562,562
92.jpg,
93.jpg,378,746,585,729,178,504,597,597
94.jpg,
95.jpg,410,700,576,716,210,493,567,567
96.jpg,362,791,634,733,182,535,687,687
97.jpg,368,874,609,860,263,664,463,463
98.jpg,456,700,640,714,320,523,444,444
99.jpg,517,704,676,704,372,511,465,465
100.jpg,344,664,597,697,214,481,554,554
101.jpg,428,604,580,516,273,406,501,501
102.jpg,399,821,610,832,205,603,595,595
103.jpg,490,749,664,754,361,586,428,428
104.jpg,443,732,672,719,260,501,575,575
105.jpg,333,732,598,754,192,531,567,567
106.jpg,394,695,581,690,196,450,598,598
107.jpg,492,701,663,670,364,535,438,438
108.jpg,299,732,584,695,97,424,720,720
109.jpg,445,734,666,782,212,520,628,628
110.jpg,543,759,681,743,396,590,448,448
111.jpg,312,744,509,846,92,583,609,609
112.jpg,265,746,488,715,106,513,577,577
113.jpg,565,806,804,727,382,584,555,555
114.jpg,425,689,621,708,250,520,529,529
115.jpg,344,754,658,707,227,541,606,606
116.jpg,
117.jpg,428,760,638,764,244,549,558,558
118.jpg,370,705,579,676,193,467,600,600
119.jpg,597,714,686,733,520,628,262,262
120.jpg,446,787,675,747,216,556,618,618
121.jpg,473,713,645,661,286,481,601,601
122.jpg,394,766,649,670,204,459,680,680
123.jpg,290,785,516,779,138,560,569,569
124.jpg,371,726,591,754,183,499,599,599
125.jpg,498,969,650,892,332,821,394,394
126.jpg,312,709,507,730,119,525,586,586
127.jpg,388,734,608,777,167,512,625,625
128.jpg,280,741,541,793,83,481,651,651
129.jpg,
130.jpg,438,776,688,788,260,549,599,599
131.jpg,286,738,548,774,97,522,627,627
132.jpg,405,701,604,668,227,490,595,595
133.jpg,434,742,601,714,220,502,595,595
134.jpg,421,644,644,735,297,539,482,482
135.jpg,410,767,619,770,211,538,579,579
136.jpg,448,696,721,715,368,508,531,531
137.jpg,340,735,577,727,204,513,512,512
138.jpg,406,756,614,763,201,526,618,618
139.jpg,412,730,539,727,211,566,530,530
140.jpg,400,697,616,670,267,474,510,510
141.jpg,373,791,586,806,204,577,526,526
142.jpg,165,1024,360,1082,33,874,442,442
143.jpg,401,806,646,749,223,572,601,601
144.jpg,427,768,559,754,258,588,499,499
145.jpg,405,700,596,771,266,624,504,504
146.jpg,452,679,619,693,271,498,489,489
147.jpg,420,696,608,713,298,530,435,435
148.jpg,252,729,524,750,93,495,593,593
149.jpg,449,667,658,686,289,498,484,484
150.jpg,330,734,570,742,166,512,582,582
151.jpg,330,773,661,758,167,608,675,675
152.jpg,422,734,653,661,216,484,601,601
153.jpg,536,709,706,729,364,531,503,503
154.jpg,519,823,699,840,361,646,487,487
155.jpg,226,801,590,872,108,590,724,724
156.jpg,519,814,746,830,317,620,599,599
157.jpg,378,783,614,820,273,638,477,477
158.jpg,447,707,680,824,180,533,700,700
159.jpg,
160.jpg,598,659,774,686,392,458,551,551
161.jpg,419,882,634,769,270,673,543,543
162.jpg,597,734,774,707,440,548,498,498
163.jpg,602,1220,736,1196,489,1064,349,349
164.jpg,393,834,607,849,203,611,585,585
165.jpg,352,631,577,580,240,447,550,550
166.jpg,564,812,686,829,404,662,427,427
167.jpg,456,738,583,688,272,530,503,503
168.jpg,429,607,670,702,300,494,543,543
169.jpg,556,696,756,678,460,522,408,408
170.jpg,389,686,590,706,288,548,445,445
171.jpg,458,640,676,748,239,513,594,594
172.jpg,420,799,628,806,296,599,527,527
173.jpg,606,798,817,802,399,569,592,592
174.jpg,412,718,664,768,237,530,554,554
175.jpg,355,717,538,725,203,538,498,498
176.jpg,431,814,715,839,323,578,601,601
177.jpg,451,832,680,831,312,626,514,514
178.jpg,462,695,657,716,310,525,514,514
179.jpg,243,796,498,864,78,630,599,599
180.jpg,277,766,510,740,131,529,550,550
181.jpg,439,779,592,770,228,560,603,603
182.jpg,323,765,614,848,197,619,591,591
183.jpg,352,713,558,806,127,545,660,660
184.jpg,333,614,494,660,148,476,482,482
185.jpg,468,629,650,606,351,448,420,420
186.jpg,344,756,591,763,170,534,600,600
187.jpg,523,798,710,781,321,582,559,559
188.jpg,400,749,638,778,158,505,691,691
189.jpg,392,767,568,706,246,567,523,523
190.jpg,434,770,673,774,298,564,535,535
191.jpg,396,716,560,734,264,562,431,431
192.jpg,444,755,628,820,199,566,620,620
193.jpg,452,734,683,752,306,535,554,554
194.jpg,415,702,639,645,198,450,657,657
195.jpg,274,831,541,820,94,575,606,606
196.jpg,356,771,588,789,210,559,528,528
197.jpg,380,733,618,758,167,494,659,659
198.jpg,443,728,640,724,311,531,502,502
199.jpg,362,791,569,796,153,568,593,593
200.jpg,329,740,570,829,131,575,657,657
201.jpg,394,800,630,766,237,551,576,576
202.jpg,336,751,593,747,106,503,699,699
203.jpg,448,762,628,758,330,589,426,426
204.jpg,541,667,722,661,360,469,510,510
205.jpg,321,864,501,800,131,621,616,616
206.jpg,543,816,698,786,327,569,584,584
207.jpg,432,825,686,859,268,612,579,579
208.jpg,
209.jpg,434,594,593,649,295,482,428,428
210.jpg,494,657,680,662,352,485,450,450
211.jpg,558,690,731,636,347,443,631,631
212.jpg,366,772,623,823,172,551,659,659
213.jpg,
214.jpg,518,769,693,731,333,542,590,590
215.jpg,341,762,584,774,204,561,518,518
216.jpg,
217.jpg,496,692,690,702,346,513,486,486
218.jpg,564,662,770,660,388,456,555,555
219.jpg,365,728,630,740,159,482,659,659
220.jpg,491,740,652,752,333,568,473,473
221.jpg,363,799,612,794,114,529,700,700
222.jpg,
223.jpg,473,734,700,788,229,525,643,643
224.jpg,390,762,565,828,192,607,585,585
225.jpg,418,719,678,708,303,518,489,489
226.jpg,320,782,559,792,101,520,687,687
227.jpg,572,868,740,779,365,618,598,598
228.jpg,437,650,626,658,269,444,521,521
229.jpg,498,640,696,654,312,434,550,550
230.jpg,509,766,772,809,320,541,624,624
231.jpg,354,847,557,770,152,615,605,605
232.jpg,525,768,779,769,343,552,559,559
233.jpg,433,814,639,772,309,578,503,503
234.jpg,414,703,568,710,250,530,465,465
235.jpg,332,667,552,670,212,474,475,475
236.jpg,347,775,632,750,190,561,540,540
237.jpg,417,786,618,787,254,593,523,523
238.jpg,573,610,730,587,431,477,462,462
239.jpg,418,789,679,828,230,526,681,681
240.jpg,268,825,554,778,87,560,682,682
241.jpg,473,713,656,745,312,529,496,496
242.jpg,450,730,703,741,241,534,579,579
243.jpg,
244.jpg,441,775,657,779,298,562,504,504
245.jpg,622,683,879,800,393,576,613,613
246.jpg,377,694,584,748,177,519,602,602
247.jpg,518,908,608,836,413,817,317,317
248.jpg,401,763,607,750,249,555,498,498
249.jpg,421,856,595,835,303,685,437,437
250.jpg,252,765,544,791,138,559,616,616
251.jpg,341,762,516,683,160,521,636,636
252.jpg,
253.jpg,523,726,676,748,384,581,398,398
254.jpg,443,776,700,743,293,534,606,606
255.jpg,424,605,622,791,211,564,585,585
256.jpg,451,712,648,696,336,538,454,454
257.jpg,402,843,636,813,224,578,630,630
258.jpg,389,588,589,545,196,428,617,617
259.jpg,
260.jpg,462,636,640,660,288,454,530,530
261.jpg,563,635,729,653,355,441,541,541
262.jpg,
263.jpg,481,831,679,781,301,617,545,545
264.jpg,439,784,624,770,232,556,567,567
265.jpg,
266.jpg,457,742,681,762,261,507,604,604
267.jpg,379,834,649,816,185,564,619,619
268.jpg,471,675,653,700,342,516,469,469
269.jpg,504,663,726,658,408,496,433,433
270.jpg,
271.jpg,367,878,600,771,194,632,551,551
272.jpg,466,736,712,697,244,472,688,688
273.jpg,464,658,666,758,263,532,577,577
274.jpg,517,778,714,774,364,573,505,505
275.jpg,445,601,583,633,300,450,452,452
276.jpg,329,736,542,706,165,494,573,573
277.jpg,434,772,601,788,270,626,503,503
278.jpg,332,480,588,565,261,434,437,437
279.jpg,
280.jpg,429,686,617,627,252,485,573,573
281.jpg,442,786,636,804,291,582,537,537
282.jpg,352,838,642,867,139,588,702,702
283.jpg,381,711,607,677,260,528,480,480
284.jpg,704,1246,756,1249,555,1126,317,317
285.jpg,585,670,736,700,403,501,493,493
286.jpg,397,637,586,706,228,493,584,584
287.jpg,519,991,641,968,384,845,384,384
288.jpg,403,769,618,783,181,543,607,607
289.jpg,331,802,534,725,157,536,622,622
290.jpg,310,555,547,579,76,388,812,812
291.jpg,597,784,788,723,404,590,538,538
292.jpg,315,664,649,522,167,379,615,615
293.jpg,419,676,590,677,284,490,471,471
294.jpg,432,672,594,681,310,515,439,439
295.jpg,442,692,610,686,281,498,473,473
296.jpg,356,862,627,825,200,640,539,539
297.jpg,396,812,626,816,255,613,511,511
298.jpg,392,730,678,629,237,483,574,574
299.jpg,388,689,644,868,120,558,726,726
300.jpg,299,716,569,720,111,447,640,640
301.jpg,532,874,793,807,396,666,543,543
302.jpg,328,637,601,533,172,411,561,561
303.jpg,397,834,666,801,252,611,523,523
304.jpg,447,762,681,789,220,513,644,644
305.jpg,368,795,606,733,229,547,550,550
306.jpg,471,704,723,732,313,529,504,504
307.jpg,368,818,615,866,135,580,692,692
308.jpg,549,687,800,724,339,461,625,625
309.jpg,431,736,664,766,335,582,483,483
310.jpg,409,668,582,770,221,558,545,545
311.jpg,361,728,550,649,173,524,590,590
312.jpg,471,755,675,705,262,522,597,597
313.jpg,360,708,661,704,248,462,609,609
314.jpg,340,756,595,763,177,518,599,599
315.jpg,422,741,643,778,246,622,599,599
316.jpg,346,755,604,764,229,632,498,498
317.jpg,454,737,677,760,242,523,608,608
318.jpg,368,764,578,761,175,538,583,583
319.jpg,388,711,614,741,131,514,721,721
320.jpg,467,732,696,725,296,507,571,571
321.jpg,466,778,694,781,243,524,630,630
322.jpg,325,804,599,869,200,645,544,544
323.jpg,377,852,631,774,193,622,565,565
324.jpg,387,660,592,764,244,554,500,500
325.jpg,458,784,680,786,286,568,572,572
326.jpg,406,839,622,760,202,593,638,638
327.jpg,414,799,618,808,269,620,488,488
328.jpg,419,816,611,857,189,611,624,624
329.jpg,354,774,600,846,155,589,642,642
330.jpg,247,705,469,665,82,493,513,513
331.jpg,506,776,790,777,319,561,555,555
332.jpg,375,756,622,765,212,529,579,579
333.jpg,483,856,740,853,329,659,502,502
334.jpg,243,778,469,758,71,537,631,631
335.jpg,372,709,550,762,257,588,466,466
336.jpg,428,854,631,851,249,633,547,547
337.jpg,538,865,842,826,350,630,607,607
338.jpg,373,839,545,817,231,677,456,456
339.jpg,317,868,538,830,183,639,525,525
340.jpg,443,661,762,643,250,417,645,645
341.jpg,
342.jpg,449,795,643,794,237,565,585,585
343.jpg,457,823,692,684,262,546,690,690
344.jpg,361,820,612,829,184,588,629,629
345.jpg,424,807,618,822,233,604,554,554
346.jpg,365,683,630,667,198,533,620,620
347.jpg,517,1217,618,1212,401,1082,349,349
348.jpg,523,852,696,826,359,645,504,504
349.jpg,500,856,700,846,352,646,509,509
350.jpg,502,906,831,849,280,635,638,638
351.jpg,285,848,468,847,105,656,522,522
352.jpg,230,709,539,780,116,539,617,617
353.jpg,398,812,621,803,289,663,534,534
354.jpg,449,721,594,706,203,556,654,654
355.jpg,489,775,711,770,364,594,465,465
356.jpg,438,874,665,860,238,625,624,624
357.jpg,388,822,622,812,268,620,487,487
358.jpg,358,676,602,604,207,470,660,660
359.jpg,414,750,670,768,201,503,662,662
360.jpg,426,777,625,763,293,577,503,503
361.jpg,440,636,649,645,321,473,414,414
362.jpg,492,735,674,738,349,558,456,456
363.jpg,390,652,641,733,281,533,522,522
364.jpg,433,700,638,722,281,518,501,501
365.jpg,486,687,670,669,336,474,511,511
366.jpg,386,819,649,715,143,589,710,710
367.jpg,443,838,614,834,290,639,517,517
368.jpg,429,696,655,696,295,513,475,475
369.jpg,464,873,633,857,294,670,517,517
370.jpg,588,856,814,845,448,669,467,467
371.jpg,468,840,664,910,279,584,667,667
372.jpg,532,896,695,816,297,629,603,603
373.jpg,329,874,504,848,142,640,571,571
374.jpg,256,809,551,762,63,557,618,618
375.jpg,462,797,703,789,294,568,589,589
376.jpg,444,789,644,793,337,604,465,465
377.jpg,456,737,716,740,300,522,550,550
378.jpg,466,816,644,850,308,650,478,478
379.jpg,503,722,702,754,279,532,575,575
380.jpg,425,843,750,901,255,661,621,621
381.jpg,535,712,704,667,361,542,500,500
382.jpg,432,855,632,841,234,637,576,576
383.jpg,455,854,719,741,279,608,583,583
384.jpg,456,780,754,730,310,560,567,567
385.jpg,427,809,616,808,243,596,545,545
386.jpg,539,797,676,760,318,626,559,559
387.jpg,468,863,745,825,312,642,554,554
388.jpg,311,808,592,848,96,548,703,703
389.jpg,
390.jpg,417,660,611,658,279,497,483,483
391.jpg,510,644,637,574,288,421,576,576
392.jpg,394,637,623,649,217,424,614,614
393.jpg,243,795,549,799,39,597,672,672
394.jpg,416,818,612,806,248,603,541,541
395.jpg,457,678,625,699,260,479,528,528
396.jpg,489,760,720,770,295,514,592,592
397.jpg,445,855,597,865,272,688,475,475
398.jpg,
399.jpg,436,732,642,744,254,527,559,559
400.jpg,382,799,696,797,192,552,623,623
401.jpg,428,754,611,683,194,502,686,686
402.jpg,474,619,685,607,283,412,622,622
403.jpg,431,739,563,574,268,490,571,571
404.jpg,422,679,604,613,216,433,618,618
405.jpg,
406.jpg,460,792,644,804,327,620,493,493
407.jpg,442,761,613,768,256,563,538,538
408.jpg,460,750,680,766,236,501,649,649
409.jpg,414,732,696,869,243,626,588,588
410.jpg,296,786,537,772,107,536,608,608
411.jpg,356,848,626,858,175,600,649,649
412.jpg,464,638,546,760,136,544,680,680
413.jpg,398,816,646,834,218,593,610,610
414.jpg,486,737,700,806,278,546,609,609
415.jpg,377,754,595,707,183,521,617,617
416.jpg,407,829,718,784,209,571,657,657
417.jpg,473,741,707,792,250,520,643,643
418.jpg,
419.jpg,447,856,646,823,165,535,823,823
420.jpg,457,755,680,822,219,565,599,599
421.jpg,499,653,690,658,351,466,478,478
422.jpg,522,745,757,672,289,493,680,680
423.jpg,486,838,714,811,259,607,591,591
424.jpg,386,606,565,883,136,578,680,680
425.jpg,373,696,544,752,125,589,680,680
426.jpg,480,749,604,713,336,588,468,468
427.jpg,368,854,560,870,248,686,455,455
428.jpg,
429.jpg,247,608,504,671,85,433,603,603
430.jpg,332,568,682,378,146,265,793,793
431.jpg,377,832,594,872,167,631,590,590
432.jpg,485,765,674,776,302,560,568,568
433.jpg,558,602,798,558,386,438,526,526
434.jpg,601,670,743,720,340,563,636,636
435.jpg,461,671,660,696,349,518,462,462
436.jpg,532,627,786,696,377,488,502,502
437.jpg,294,710,566,826,125,597,613,613
438.jpg,498,684,707,703,338,496,522,522
439.jpg,520,803,734,822,299,580,611,611
440.jpg,462,850,658,868,241,627,582,582
441.jpg,581,779,734,816,362,614,584,584
442.jpg,491,742,721,688,351,561,493,493
443.jpg,471,883,707,877,328,645,559,559
444.jpg,394,645,563,649,218,450,522,522
445.jpg,272,808,643,821,102,581,675,675
446.jpg,359,600,592,650,226,436,522,522
447.jpg,443,792,631,724,317,612,422,422
448.jpg,405,648,632,741,230,499,576,576
449.jpg,545,723,761,738,330,563,591,591
450.jpg,542,553,754,454,350,340,586,586
451.jpg,474,808,698,818,328,600,533,533
452.jpg,382,711,572,798,274,633,422,422
453.jpg,384,643,606,690,279,501,478,478
454.jpg,354,658,592,660,187,429,582,582
455.jpg,
456.jpg,431,808,686,836,220,574,641,641
457.jpg,447,784,673,762,277,555,580,580
458.jpg,518,685,694,684,374,497,477,477
459.jpg,408,844,636,871,218,617,570,570
460.jpg,
461.jpg,386,734,636,729,255,537,511,511
462.jpg,453,746,664,793,237,527,599,599
463.jpg,459,698,701,799,353,600,487,487
464.jpg,364,795,605,794,150,529,673,673
465.jpg,465,842,663,865,265,620,576,576
466.jpg,
467.jpg,302,860,570,780,177,610,616,616
468.jpg,480,741,769,632,337,517,541,541
469.jpg,354,656,597,658,136,374,680,680
470.jpg,436,1090,515,1088,310,978,295,295
471.jpg,479,795,695,793,292,585,556,556
472.jpg,398,816,673,692,204,578,680,680
473.jpg,350,554,578,677,136,408,680,680
474.jpg,384,763,581,676,226,552,545,545
475.jpg,329,693,604,716,191,526,575,575
476.jpg,326,532,519,650,82,374,646,646
477.jpg,454,646,665,666,288,450,533,533
478.jpg,394,780,682,813,268,623,542,542
479.jpg,568,822,771,797,378,616,595,595
480.jpg,
481.jpg,536,742,707,721,313,478,619,619
482.jpg,476,597,643,528,345,428,451,451
483.jpg,429,601,696,614,281,382,517,517
484.jpg,406,788,640,777,227,558,583,583
485.jpg,424,732,670,756,344,591,454,454
486.jpg,477,788,670,790,333,603,497,497
487.jpg,384,771,604,862,153,578,680,680
488.jpg,
489.jpg,438,616,622,599,230,432,594,594
490.jpg,357,675,600,694,242,519,507,507
491.jpg,428,840,640,843,264,641,525,525
492.jpg,324,768,570,803,158,580,585,585
493.jpg,381,841,606,884,194,609,598,598
494.jpg,490,1078,630,1102,366,960,349,349
495.jpg,453,676,597,680,254,491,550,550
496.jpg,301,835,610,875,105,562,693,693
497.jpg,449,647,630,663,283,473,509,509
498.jpg,461,715,645,718,273,515,535,535
499.jpg,504,692,668,686,343,507,495,495
500.jpg,348,778,661,862,215,606,622,622
501.jpg,
502.jpg,517,859,683,787,371,661,525,525
503.jpg,330,788,562,851,213,642,498,498
504.jpg,336,768,553,735,137,569,594,594
505.jpg,475,851,726,839,361,642,509,509
506.jpg,484,771,682,765,308,579,496,496
507.jpg,278,668,553,705,126,470,636,636
508.jpg,431,775,672,810,304,599,521,521
509.jpg,381,857,555,761,202,630,589,589
510.jpg,410,633,647,666,228,426,565,565
511.jpg,465,851,537,797,314,733,349,349
512.jpg,435,762,653,782,251,560,550,550
513.jpg,421,764,642,734,248,512,570,570
514.jpg,518,775,659,765,335,563,535,535
515.jpg,421,824,648,828,287,633,500,500
516.jpg,404,760,595,765,248,569,490,490
517.jpg,432,794,630,834,283,638,524,524
518.jpg,318,818,506,850,88,614,615,615
519.jpg,423,563,597,562,236,345,543,543
520.jpg,
521.jpg,430,714,660,741,275,519,541,541
522.jpg,409,712,632,689,235,465,575,575
523.jpg,428,751,711,848,185,560,728,728
524.jpg,460,677,687,680,300,479,537,537
525.jpg,392,843,648,839,241,620,569,569
526.jpg,405,775,652,866,263,661,537,537
527.jpg,444,531,605,765,206,502,614,614
528.jpg,428,873,656,859,234,621,590,590
529.jpg,379,796,634,767,210,570,598,598
530.jpg,354,709,588,716,163,473,608,608
531.jpg,409,839,637,771,205,601,654,654
532.jpg,452,820,663,824,279,608,562,562
533.jpg,522,824,631,761,364,670,451,451
534.jpg,384,776,601,764,187,540,589,589
535.jpg,474,781,732,747,253,581,603,603
536.jpg,407,839,636,916,182,594,670,670
537.jpg,230,713,466,698,87,480,553,553
538.jpg,546,824,767,846,417,656,530,530
539.jpg,408,817,588,831,226,610,527,527
540.jpg,480,735,759,657,304,518,569,569
541.jpg,439,663,614,753,143,545,767,767
542.jpg,409,723,686,607,240,495,557,557
543.jpg,440,781,623,790,270,584,505,505
544.jpg,330,859,558,861,123,622,617,617
545.jpg,525,659,692,660,363,469,482,482
546.jpg,357,746,615,705,154,519,609,609
547.jpg,368,765,551,777,174,530,598,598
548.jpg,355,714,584,788,169,564,577,577
549.jpg,356,732,589,733,177,582,643,643
550.jpg,405,619,556,643,194,410,584,584
551.jpg,434,709,610,709,231,531,611,611
552.jpg,422,806,639,734,220,592,647,647
553.jpg,518,728,748,647,369,537,472,472
554.jpg,515,735,744,820,322,580,611,611
555.jpg,422,788,688,753,224,501,633,633
556.jpg,
557.jpg,414,718,634,721,267,506,530,530
558.jpg,402,794,635,784,228,565,572,572
559.jpg,393,782,573,808,221,588,559,559
560.jpg,368,856,658,821,272,611,558,558
561.jpg,411,713,690,779,263,535,623,623
562.jpg,524,767,708,765,348,551,545,545
563.jpg,401,792,639,724,292,593,547,547
564.jpg,516,793,686,795,360,628,453,453
565.jpg,366,767,605,713,252,548,601,601
566.jpg,498,830,712,848,286,602,617,617
567.jpg,380,758,650,642,200,519,586,586
568.jpg,340,829,585,848,173,619,626,626
569.jpg,457,800,727,786,290,542,619,619
570.jpg,477,769,691,701,298,563,573,573
571.jpg,372,802,588,806,212,586,566,566
572.jpg,424,797,627,814,217,572,620,620
573.jpg,419,773,634,756,244,544,585,585
574.jpg,406,758,571,686,240,566,524,524
575.jpg,458,715,706,796,269,568,699,699
576.jpg,321,860,620,714,104,593,688,688
577.jpg,349,770,510,767,153,570,545,545
578.jpg,338,561,655,621,243,422,511,511
579.jpg,598,592,821,597,437,398,538,538
580.jpg,506,802,710,812,288,572,636,636
581.jpg,407,760,672,794,199,533,639,639
582.jpg,380,886,585,852,240,658,510,510
583.jpg,428,693,713,635,275,510,546,546
584.jpg,426,840,652,855,279,635,523,523
585.jpg,537,860,712,836,403,679,441,441
586.jpg,408,701,587,760,223,538,597,597
587.jpg,388,816,631,806,183,556,644,644
588.jpg,427,639,661,659,304,494,577,577
589.jpg,474,1190,596,1038,304,1022,487,487
590.jpg,330,719,594,784,168,549,604,604
591.jpg,430,765,561,692,212,541,593,593
592.jpg,448,839,777,776,274,635,615,615
593.jpg,382,752,707,675,180,493,667,667
594.jpg,452,690,667,780,187,561,748,748
595.jpg,495,712,728,718,329,490,574,574
596.jpg,494,819,690,818,298,612,560,560
597.jpg,402,574,610,616,292,436,455,455
598.jpg,415,585,667,582,238,350,557,557
599.jpg,376,816,595,833,199,603,574,574
600.jpg,856,950,898,944,799,888,148,148
